1,Financial Analyst
2,Physical Therapy Assistant
3,Engineer IV
4,Business Systems Development Analyst
5,Research Nurse
6,Information Systems Manager
7,Technical Writer
8,VP Sales
9,Analog Circuit Design manager
10,Geological Engineer
11,Operator
12,Computer Systems Analyst II
13,Nurse
14,Assistant Manager
15,VP Product Management
16,Structural Analysis Engineer
17,Environmental Tech
18,Nuclear Power Engineer
19,Professor
20,Staff Accountant I
21,Developer II
22,Community Outreach Specialist
23,Biostatistician I
24,VP Sales
25,Clinical Specialist
26,VP Sales
27,Senior Quality Engineer
28,Teacher
29,Accounting Assistant IV
30,Civil Engineer
31,VP Product Management
32,Associate Professor
33,Programmer Analyst II
34,Data Coordinator
35,Human Resources Assistant III
36,Computer Systems Analyst II
37,Biostatistician III
38,Research Assistant I
39,Social Worker
40,Cost Accountant
41,Cost Accountant
42,Marketing Assistant
43,Cost Accountant
44,Information Systems Manager
45,General Manager
46,Community Outreach Specialist
47,Director of Sales
48,Senior Sales Associate
49,Account Coordinator
50,Research Assistant I
51,Statistician I
52,Safety Technician I
53,Computer Systems Analyst II
54,Senior Quality Engineer
55,Database Administrator IV
56,Help Desk Operator
57,Cost Accountant
58,Structural Engineer
59,Staff Scientist
60,Paralegal
61,Statistician IV
62,Director of Sales
63,Research Assistant III
64,Safety Technician II
65,Senior Editor
66,Physical Therapy Assistant
67,Legal Assistant
68,General Manager
69,Editor
70,Cost Accountant
71,Social Worker
72,Data Coordinator
73,Professor
74,Research Nurse
75,Speech Pathologist
76,Pharmacist
77,Physical Therapy Assistant
78,Research Nurse
79,Senior Quality Engineer
80,VP Marketing
81,Payment Adjustment Coordinator
82,Pharmacist
83,Paralegal
84,Recruiter
85,Paralegal
86,Assistant Manager
87,Graphic Designer
88,Payment Adjustment Coordinator
89,Clinical Specialist
90,Structural Engineer
91,Research Associate
92,Chemical Engineer
93,Office Assistant III
94,Chief Design Engineer
95,Environmental Specialist
96,Accountant IV
97,Desktop Support Technician
98,Research Associate
99,Financial Advisor
100,Safety Technician III
101,Technical Writer
102,Human Resources Manager
103,Information Systems Manager
104,Research Assistant I
105,VP Accounting
106,GIS Technical Architect
107,Associate Professor
108,VP Marketing
109,Pharmacist
110,Sales Representative
111,Accountant IV
112,Geological Engineer
113,Occupational Therapist
114,Web Developer IV
115,Social Worker
116,Help Desk Technician
117,Technical Writer
118,Social Worker
119,Quality Control Specialist
120,Assistant Professor
121,Mechanical Systems Engineer
122,Accountant III
123,Data Coordinator
124,Teacher
125,Engineer IV
126,Research Nurse
127,Business Systems Development Analyst
128,Software Engineer IV
129,Professor
130,Research Assistant I
131,Nurse
132,Clinical Specialist
133,Web Designer I
134,Librarian
135,Professor
136,Recruiting Manager
137,Assistant Manager
138,Recruiting Manager
139,Software Engineer IV
140,Administrative Officer
141,Budget/Accounting Analyst IV
142,General Manager
143,Engineer III
144,VP Accounting
145,Environmental Tech
146,Sales Associate
147,VP Product Management
148,Programmer IV
149,Librarian
150,Data Coordinator
151,Web Developer IV
152,VP Quality Control
153,Financial Advisor
154,Nuclear Power Engineer
155,Recruiting Manager
156,Senior Developer
157,Desktop Support Technician
158,Financial Advisor
159,Data Coordinator
160,Speech Pathologist
161,Administrative Officer
162,Sales Representative
163,Geological Engineer
164,Sales Associate
165,Analyst Programmer
166,Nurse
167,Assistant Manager
168,Help Desk Operator
169,Computer Systems Analyst II
170,Internal Auditor
171,Associate Professor
172,Engineer I
173,Analyst Programmer
174,VP Quality Control
175,Legal Assistant
176,GIS Technical Architect
177,Structural Analysis Engineer
178,Analyst Programmer
179,Engineer III
180,Administrative Assistant III
181,Senior Quality Engineer
182,Editor
183,Quality Control Specialist
